post_id,titulo,meme_url,usuario_id,etiquetas,upvotes,downvotes,fecha
74,seal,https://v.redd.it/zy00ryora2b21/DASH_600_K,3,mascotas-chistoso-wholesome,6123,248,2017-08-26
42,Como aprobar los ramos,https://youtu.be/dQw4w9WgXcQ,666,secreto-prestigio,7483,67,20,2009-10-24
53,wholesome,https://i.redd.it/22knpohaj2e41.jpg,42,wholesome-games,4643,193,2019-04-15
34,Music to study,https://youtu.be/GuZzuQvv7uc,42,relajacion-musica,45,125,2009-10-02
39,Die inside; smile outside,https://v.redd.it/ebu0ku09b9j31/DASH_720,24,baile,10241,134,2013-07-10
47,Saido chesto IRL,https://youtu.be/sfHvgPJPMXk,42,baile-meme-anime-chistoso,48908,720,2019-09-16
67,official python humor,https://www.python.org/doc/humor/,666,humor-meme-python,342,714,2007-11-03
57,aporte,https://www.instagram.com/p/B8cmxlIFqw8,3,chistoso-prestigio-meme-u,113,0,2020-02-11
27,dance jo dance jo,https://i.redd.it/zaqvpdycfed41.png,42,baile-meme-games,1616,16,2019-05-18
1,Gatito,https://v.redd.it/sefhvpc81x541/DASH_720,3,chistoso-gatos-mascotas,17,4,2016-09-27
45,cocinando como un pro,https://i.redd.it/eo4ic91v3l021.jpg,43,cocina-meme-chistoso,9741,438,2018-11-08
